ADXL DATA,,,,,,,,,,,,,,,,,,,,,,,,,,,,,,,,,,
,,,,,,,,,,,,,,,,,,,,,,,,,,,,,,,,,,
Max Value,Min Value,,,,,,,,,,,,,,,,,,,,,,,,,,,,,,,,,
2.14,0.27,,,,,,,,,,,,,,,,,,,,,,,,,,,,,,,,,
,,,,,,,,,,,,,,,,,,,,,,,,,,,,,,,,,,
,,,,,,,,,,,,,,,,,,,,,,,,,,,,,,,,,,
,,,,,,,,,,,,,,,,,,,,,,,,,,,,,,,,,,
Value Num,ADXL Vector,Filtered ADXL Vector,,,,,,,,,,,,,,,,,,,,,,,,,,,,,,,,
1,1.01,1.01,,,,,,,,,,,,,,,,,,,,,,,,,,,,,,,,
2,1.01,1.01,,,,,,,,,,,,,,,,,,,,,,,,,,,,,,,,
3,1.03,1.03,,,,,,,,,,,,,,,,,,,,,,,,,,,,,,,,
4,1.01,1.01,,,,,,,,,,,,,,,,,,,,,,,,,,,,,,,,
5,1.01,1.01,,,,,,,,,,,,,,,,,,,,,,,,,,,,,,,,
6,1.01,1.01,,,,,,,,,,,,,,,,,,,,,,,,,,,,,,,,
7,1.01,1.01,,,,,,,,,,,,,,,,,,,,,,,,,,,,,,,,
8,1.01,1.01,,,,,,,,,,,,,,,,,,,,,,,,,,,,,,,,
9,1,1,,,,,,,,,,,,,,,,,,,,,,,,,,,,,,,,
10,1.01,1.01,,,,,,,,,,,,,,,,,,,,,,,,,,,,,,,,
11,1.01,1.01,,,,,,,,,,,,,,,,,,,,,,,,,,,,,,,,
12,1.01,1.01,,,,,,,,,,,,,,,,,,,,,,,,,,,,,,,,
13,1.02,1.02,,,,,,,,,,,,,,,,,,,,,,,,,,,,,,,,
14,1,1,,,,,,,,,,,,,,,,,,,,,,,,,,,,,,,,
15,1.01,1.01,,,,,,,,,,,,,,,,,,,,,,,,,,,,,,,,
16,1.01,1.01,,,,,,,,,,,,,,,,,,,,,,,,,,,,,,,,
17,1.01,1.01,,,,,,,,,,,,,,,,,,,,,,,,,,,,,,,,
18,1.01,1.01,,,,,,,,,,,,,,,,,,,,,,,,,,,,,,,,
19,1.01,1.01,,,,,,,,,,,,,,,,,,,,,,,,,,,,,,,,
20,1,1,,,,,,,,,,,,,,,,,,,,,,,,,,,,,,,,
21,1.01,1.01,,,,,,,,,,,,,,,,,,,,,,,,,,,,,,,,
22,1.01,1.01,,,,,,,,,,,,,,,,,,,,,,,,,,,,,,,,
23,1.01,1.01,,,,,,,,,,,,,,,,,,,,,,,,,,,,,,,,
24,1,1,,,,,,,,,,,,,,,,,,,,,,,,,,,,,,,,
25,1.01,1.01,,,,,,,,,,,,,,,,,,,,,,,,,,,,,,,,
26,1.01,1.01,,,,,,,,,,,,,,,,,,,,,,,,,,,,,,,,
27,1.01,1.01,,,,,,,,,,,,,,,,,,,,,,,,,,,,,,,,
28,1.01,1.01,,,,,,,,,,,,,,,,,,,,,,,,,,,,,,,,
29,1.01,1.01,,,,,,,,,,,,,,,,,,,,,,,,,,,,,,,,
30,1.01,1.01,,,,,,,,,,,,,,,,,,,,,,,,,,,,,,,,
31,1.01,1.01,,,,,,,,,,,,,,,,,,,,,,,,,,,,,,,,
32,1.01,1.01,,,,,,,,,,,,,,,,,,,,,,,,,,,,,,,,
33,1.01,1.01,,,,,,,,,,,,,,,,,,,,,,,,,,,,,,,,
34,1.01,1.01,,,,,,,,,,,,,,,,,,,,,,,,,,,,,,,,
35,1.01,1.01,,,,,,,,,,,,,,,,,,,,,,,,,,,,,,,,
36,1.01,1.01,,,,,,,,,,,,,,,,,,,,,,,,,,,,,,,,
37,1.01,1.01,,,,,,,,,,,,,,,,,,,,,,,,,,,,,,,,
38,1.01,1.01,,,,,,,,,,,,,,,,,,,,,,,,,,,,,,,,
39,1.01,1.01,,,,,,,,,,,,,,,,,,,,,,,,,,,,,,,,
40,1.01,1.01,,,,,,,,,,,,,,,,,,,,,,,,,,,,,,,,
41,1,1,,,,,,,,,,,,,,,,,,,,,,,,,,,,,,,,
42,1.01,1.01,,,,,,,,,,,,,,,,,,,,,,,,,,,,,,,,
43,1.01,1.01,,,,,,,,,,,,,,,,,,,,,,,,,,,,,,,,
44,1.01,1.01,,,,,,,,,,,,,,,,,,,,,,,,,,,,,,,,
45,1,1,,,,,,,,,,,,,,,,,,,,,,,,,,,,,,,,
46,1.01,1.01,,,,,,,,,,,,,,,,,,,,,,,,,,,,,,,,
47,1.01,1.01,,,,,,,,,,,,,,,,,,,,,,,,,,,,,,,,
48,1.01,1.01,,,,,,,,,,,,,,,,,,,,,,,,,,,,,,,,
49,1.01,1.01,,,,,,,,,,,,,,,,,,,,,,,,,,,,,,,,
50,1.01,1.01,,,,,,,,,,,,,,,,,,,,,,,,,,,,,,,,
51,1.01,1.01,,,,,,,,,,,,,,,,,,,,,,,,,,,,,,,,
52,1.01,1.01,,,,,,,,,,,,,,,,,,,,,,,,,,,,,,,,
53,1.01,1.01,,,,,,,,,,,,,,,,,,,,,,,,,,,,,,,,
54,1.01,1.01,,,,,,,,,,,,,,,,,,,,,,,,,,,,,,,,
55,1.01,1.01,,,,,,,,,,,,,,,,,,,,,,,,,,,,,,,,
56,1.01,1.01,,,,,,,,,,,,,,,,,,,,,,,,,,,,,,,,
57,1.01,1.01,,,,,,,,,,,,,,,,,,,,,,,,,,,,,,,,
58,1.01,1.01,,,,,,,,,,,,,,,,,,,,,,,,,,,,,,,,
59,1,1,,,,,,,,,,,,,,,,,,,,,,,,,,,,,,,,
60,1,1,,,,,,,,,,,,,,,,,,,,,,,,,,,,,,,,
61,1.01,1.01,,,,,,,,,,,,,,,,,,,,,,,,,,,,,,,,
62,1.01,1.01,,,,,,,,,,,,,,,,,,,,,,,,,,,,,,,,
63,1.07,1.07,,,,,,,,,,,,,,,,,,,,,,,,,,,,,,,,
64,1,1,,,,,,,,,,,,,,,,,,,,,,,,,,,,,,,,
65,0.99,0.99,,,,,,,,,,,,,,,,,,,,,,,,,,,,,,,,
66,1.01,1.01,,,,,,,,,,,,,,,,,,,,,,,,,,,,,,,,
67,1.02,1.02,,,,,,,,,,,,,,,,,,,,,,,,,,,,,,,,
68,1,1,,,,,,,,,,,,,,,,,,,,,,,,,,,,,,,,
69,1.03,1.03,,,,,,,,,,,,,,,,,,,,,,,,,,,,,,,,
70,1,1,,,,,,,,,,,,,,,,,,,,,,,,,,,,,,,,
71,1.05,1.05,,,,,,,,,,,,,,,,,,,,,,,,,,,,,,,,
72,1.02,1.02,,,,,,,,,,,,,,,,,,,,,,,,,,,,,,,,
73,1.01,1.01,,,,,,,,,,,,,,,,,,,,,,,,,,,,,,,,
74,1.06,1.06,,,,,,,,,,,,,,,,,,,,,,,,,,,,,,,,
75,1.04,1.04,,,,,,,,,,,,,,,,,,,,,,,,,,,,,,,,
76,0.94,0.94,,,,,,,,,,,,,,,,,,,,,,,,,,,,,,,,
77,1,1,,,,,,,,,,,,,,,,,,,,,,,,,,,,,,,,
78,1.07,1.07,,,,,,,,,,,,,,,,,,,,,,,,,,,,,,,,
79,1.04,1.04,,,,,,,,,,,,,,,,,,,,,,,,,,,,,,,,
80,1.05,1.05,,,,,,,,,,,,,,,,,,,,,,,,,,,,,,,,
81,1.02,1.02,,,,,,,,,,,,,,,,,,,,,,,,,,,,,,,,
82,1.04,1.04,,,,,,,,,,,,,,,,,,,,,,,,,,,,,,,,
83,1.05,1.05,,,,,,,,,,,,,,,,,,,,,,,,,,,,,,,,
84,1.14,1.14,,,,,,,,,,,,,,,,,,,,,,,,,,,,,,,,
85,1.12,1.12,,,,,,,,,,,,,,,,,,,,,,,,,,,,,,,,
86,1.07,1.07,,,,,,,,,,,,,,,,,,,,,,,,,,,,,,,,
87,1.05,1.05,,,,,,,,,,,,,,,,,,,,,,,,,,,,,,,,
88,1.1,1.1,,,,,,,,,,,,,,,,,,,,,,,,,,,,,,,,
89,1.04,1.04,,,,,,,,,,,,,,,,,,,,,,,,,,,,,,,,
90,1.02,1.02,,,,,,,,,,,,,,,,,,,,,,,,,,,,,,,,
91,0.94,0.94,,,,,,,,,,,,,,,,,,,,,,,,,,,,,,,,
92,0.93,0.93,,,,,,,,,,,,,,,,,,,,,,,,,,,,,,,,
93,0.91,0.91,,,,,,,,,,,,,,,,,,,,,,,,,,,,,,,,
94,0.9,0.9,,,,,,,,,,,,,,,,,,,,,,,,,,,,,,,,
95,0.88,0.88,,,,,,,,,,,,,,,,,,,,,,,,,,,,,,,,
96,0.9,0.9,,,,,,,,,,,,,,,,,,,,,,,,,,,,,,,,
97,0.88,0.88,,,,,,,,,,,,,,,,,,,,,,,,,,,,,,,,
98,0.93,0.93,,,,,,,,,,,,,,,,,,,,,,,,,,,,,,,,
99,0.95,0.95,,,,,,,,,,,,,,,,,,,,,,,,,,,,,,,,
100,0.99,0.99,,,,,,,,,,,,,,,,,,,,,,,,,,,,,,,,
101,0.92,0.92,,,,,,,,,,,,,,,,,,,,,,,,,,,,,,,,
102,1.05,1.05,,,,,,,,,,,,,,,,,,,,,,,,,,,,,,,,
103,0.99,0.99,,,,,,,,,,,,,,,,,,,,,,,,,,,,,,,,
104,0.99,0.99,,,,,,,,,,,,,,,,,,,,,,,,,,,,,,,,
105,0.97,0.97,,,,,,,,,,,,,,,,,,,,,,,,,,,,,,,,
106,0.93,0.93,,,,,,,,,,,,,,,,,,,,,,,,,,,,,,,,
107,0.97,0.97,,,,,,,,,,,,,,,,,,,,,,,,,,,,,,,,
108,1,1,,,,,,,,,,,,,,,,,,,,,,,,,,,,,,,,
109,1.01,1.01,,,,,,,,,,,,,,,,,,,,,,,,,,,,,,,,
110,0.98,0.98,,,,,,,,,,,,,,,,,,,,,,,,,,,,,,,,
111,1.06,1.06,,,,,,,,,,,,,,,,,,,,,,,,,,,,,,,,
112,1.04,1.04,,,,,,,,,,,,,,,,,,,,,,,,,,,,,,,,
113,1.05,1.05,,,,,,,,,,,,,,,,,,,,,,,,,,,,,,,,
114,1.01,1.01,,,,,,,,,,,,,,,,,,,,,,,,,,,,,,,,
115,0.99,0.99,,,,,,,,,,,,,,,,,,,,,,,,,,,,,,,,
116,1.02,1.02,,,,,,,,,,,,,,,,,,,,,,,,,,,,,,,,
117,1.01,1.01,,,,,,,,,,,,,,,,,,,,,,,,,,,,,,,,
118,1.01,1.01,,,,,,,,,,,,,,,,,,,,,,,,,,,,,,,,
119,0.99,0.99,,,,,,,,,,,,,,,,,,,,,,,,,,,,,,,,
120,0.99,0.99,,,,,,,,,,,,,,,,,,,,,,,,,,,,,,,,
121,1.01,1.01,,,,,,,,,,,,,,,,,,,,,,,,,,,,,,,,
122,1.02,1.02,,,,,,,,,,,,,,,,,,,,,,,,,,,,,,,,
123,1.05,1.05,,,,,,,,,,,,,,,,,,,,,,,,,,,,,,,,
124,1.04,1.04,,,,,,,,,,,,,,,,,,,,,,,,,,,,,,,,
125,1.03,1.03,,,,,,,,,,,,,,,,,,,,,,,,,,,,,,,,
126,1.02,1.02,,,,,,,,,,,,,,,,,,,,,,,,,,,,,,,,
127,0.98,0.98,,,,,,,,,,,,,,,,,,,,,,,,,,,,,,,,
128,0.96,0.96,,,,,,,,,,,,,,,,,,,,,,,,,,,,,,,,
129,0.95,0.95,,,,,,,,,,,,,,,,,,,,,,,,,,,,,,,,
130,0.99,0.99,,,,,,,,,,,,,,,,,,,,,,,,,,,,,,,,
131,1.01,1.01,,,,,,,,,,,,,,,,,,,,,,,,,,,,,,,,
132,1.05,1.05,,,,,,,,,,,,,,,,,,,,,,,,,,,,,,,,
133,1.03,1.03,,,,,,,,,,,,,,,,,,,,,,,,,,,,,,,,
134,1.01,1.01,,,,,,,,,,,,,,,,,,,,,,,,,,,,,,,,
135,0.99,0.99,,,,,,,,,,,,,,,,,,,,,,,,,,,,,,,,
136,1.04,1.04,,,,,,,,,,,,,,,,,,,,,,,,,,,,,,,,
137,0.97,0.97,,,,,,,,,,,,,,,,,,,,,,,,,,,,,,,,
138,1.01,1.01,,,,,,,,,,,,,,,,,,,,,,,,,,,,,,,,
139,0.99,0.99,,,,,,,,,,,,,,,,,,,,,,,,,,,,,,,,
140,1,1,,,,,,,,,,,,,,,,,,,,,,,,,,,,,,,,
141,0.98,0.98,,,,,,,,,,,,,,,,,,,,,,,,,,,,,,,,
142,1,1,,,,,,,,,,,,,,,,,,,,,,,,,,,,,,,,
143,1.04,1.04,,,,,,,,,,,,,,,,,,,,,,,,,,,,,,,,
144,1.01,1.01,,,,,,,,,,,,,,,,,,,,,,,,,,,,,,,,
145,1.14,1.14,,,,,,,,,,,,,,,,,,,,,,,,,,,,,,,,
146,0.99,0.99,,,,,,,,,,,,,,,,,,,,,,,,,,,,,,,,
147,0.98,0.98,,,,,,,,,,,,,,,,,,,,,,,,,,,,,,,,
148,0.98,0.98,,,,,,,,,,,,,,,,,,,,,,,,,,,,,,,,
149,0.97,0.97,,,,,,,,,,,,,,,,,,,,,,,,,,,,,,,,
150,0.98,0.98,,,,,,,,,,,,,,,,,,,,,,,,,,,,,,,,
151,1,1,,,,,,,,,,,,,,,,,,,,,,,,,,,,,,,,
152,1.02,1.02,,,,,,,,,,,,,,,,,,,,,,,,,,,,,,,,
153,1.02,1.02,,,,,,,,,,,,,,,,,,,,,,,,,,,,,,,,
154,1.06,1.06,,,,,,,,,,,,,,,,,,,,,,,,,,,,,,,,
155,1.03,1.03,,,,,,,,,,,,,,,,,,,,,,,,,,,,,,,,
156,1.03,1.03,,,,,,,,,,,,,,,,,,,,,,,,,,,,,,,,
157,1.01,1.01,,,,,,,,,,,,,,,,,,,,,,,,,,,,,,,,
158,0.98,0.98,,,,,,,,,,,,,,,,,,,,,,,,,,,,,,,,
159,0.95,0.95,,,,,,,,,,,,,,,,,,,,,,,,,,,,,,,,
160,1,1,,,,,,,,,,,,,,,,,,,,,,,,,,,,,,,,
161,1.01,1.01,,,,,,,,,,,,,,,,,,,,,,,,,,,,,,,,
162,1.02,1.02,,,,,,,,,,,,,,,,,,,,,,,,,,,,,,,,
163,1.03,1.03,,,,,,,,,,,,,,,,,,,,,,,,,,,,,,,,
164,1.01,1.01,,,,,,,,,,,,,,,,,,,,,,,,,,,,,,,,
165,0.96,0.96,,,,,,,,,,,,,,,,,,,,,,,,,,,,,,,,
166,0.99,0.99,,,,,,,,,,,,,,,,,,,,,,,,,,,,,,,,
167,0.98,0.98,,,,,,,,,,,,,,,,,,,,,,,,,,,,,,,,
168,1.03,1.03,,,,,,,,,,,,,,,,,,,,,,,,,,,,,,,,
169,1.03,1.03,,,,,,,,,,,,,,,,,,,,,,,,,,,,,,,,
170,1.03,1.03,,,,,,,,,,,,,,,,,,,,,,,,,,,,,,,,
171,1.02,1.02,,,,,,,,,,,,,,,,,,,,,,,,,,,,,,,,
172,0.98,0.98,,,,,,,,,,,,,,,,,,,,,,,,,,,,,,,,
173,0.95,0.95,,,,,,,,,,,,,,,,,,,,,,,,,,,,,,,,
174,0.95,0.95,,,,,,,,,,,,,,,,,,,,,,,,,,,,,,,,
175,0.99,0.99,,,,,,,,,,,,,,,,,,,,,,,,,,,,,,,,
176,0.95,0.95,,,,,,,,,,,,,,,,,,,,,,,,,,,,,,,,
177,0.99,0.99,,,,,,,,,,,,,,,,,,,,,,,,,,,,,,,,
178,0.97,0.97,,,,,,,,,,,,,,,,,,,,,,,,,,,,,,,,
179,1.09,1.09,,,,,,,,,,,,,,,,,,,,,,,,,,,,,,,,
180,1.14,1.14,,,,,,,,,,,,,,,,,,,,,,,,,,,,,,,,
181,0.99,0.99,,,,,,,,,,,,,,,,,,,,,,,,,,,,,,,,
182,0.95,0.95,,,,,,,,,,,,,,,,,,,,,,,,,,,,,,,,
183,1.11,1.11,,,,,,,,,,,,,,,,,,,,,,,,,,,,,,,,
184,1.09,1.09,,,,,,,,,,,,,,,,,,,,,,,,,,,,,,,,
185,1.01,1.01,,,,,,,,,,,,,,,,,,,,,,,,,,,,,,,,
186,1,1,,,,,,,,,,,,,,,,,,,,,,,,,,,,,,,,
187,0.94,0.94,,,,,,,,,,,,,,,,,,,,,,,,,,,,,,,,
188,0.96,0.96,,,,,,,,,,,,,,,,,,,,,,,,,,,,,,,,
189,0.99,0.99,,,,,,,,,,,,,,,,,,,,,,,,,,,,,,,,
190,0.92,0.92,,,,,,,,,,,,,,,,,,,,,,,,,,,,,,,,
191,0.88,0.88,,,,,,,,,,,,,,,,,,,,,,,,,,,,,,,,
192,1.04,1.04,,,,,,,,,,,,,,,,,,,,,,,,,,,,,,,,
193,1.15,1.15,,,,,,,,,,,,,,,,,,,,,,,,,,,,,,,,
194,1.11,1.11,,,,,,,,,,,,,,,,,,,,,,,,,,,,,,,,
195,0.93,0.93,,,,,,,,,,,,,,,,,,,,,,,,,,,,,,,,
196,0.92,0.92,,,,,,,,,,,,,,,,,,,,,,,,,,,,,,,,
197,0.92,0.92,,,,,,,,,,,,,,,,,,,,,,,,,,,,,,,,
198,0.99,0.99,,,,,,,,,,,,,,,,,,,,,,,,,,,,,,,,
199,1.09,1.09,,,,,,,,,,,,,,,,,,,,,,,,,,,,,,,,
200,1.3,1.3,,,,,,,,,,,,,,,,,,,,,,,,,,,,,,,,
201,1.06,1.06,,,,,,,,,,,,,,,,,,,,,,,,,,,,,,,,
202,1.13,1.13,,,,,,,,,,,,,,,,,,,,,,,,,,,,,,,,
203,0.79,0.79,,,,,,,,,,,,,,,,,,,,,,,,,,,,,,,,
204,0.82,0.82,,,,,,,,,,,,,,,,,,,,,,,,,,,,,,,,
205,0.9,0.9,,,,,,,,,,,,,,,,,,,,,,,,,,,,,,,,
206,0.96,0.96,,,,,,,,,,,,,,,,,,,,,,,,,,,,,,,,
207,1.1,1.1,,,,,,,,,,,,,,,,,,,,,,,,,,,,,,,,
208,1.33,1.33,,,,,,,,,,,,,,,,,,,,,,,,,,,,,,,,
209,1.19,1.19,,,,,,,,,,,,,,,,,,,,,,,,,,,,,,,,
210,1.01,1.01,,,,,,,,,,,,,,,,,,,,,,,,,,,,,,,,
211,1.06,1.06,,,,,,,,,,,,,,,,,,,,,,,,,,,,,,,,
212,0.78,0.78,,,,,,,,,,,,,,,,,,,,,,,,,,,,,,,,
213,0.85,0.85,,,,,,,,,,,,,,,,,,,,,,,,,,,,,,,,
214,1,1,,,,,,,,,,,,,,,,,,,,,,,,,,,,,,,,
215,1.17,1.17,,,,,,,,,,,,,,,,,,,,,,,,,,,,,,,,
216,1.39,1.39,,,,,,,,,,,,,,,,,,,,,,,,,,,,,,,,
217,1.05,1.05,,,,,,,,,,,,,,,,,,,,,,,,,,,,,,,,
218,0.79,0.79,,,,,,,,,,,,,,,,,,,,,,,,,,,,,,,,
219,0.96,0.96,,,,,,,,,,,,,,,,,,,,,,,,,,,,,,,,
220,0.91,0.91,,,,,,,,,,,,,,,,,,,,,,,,,,,,,,,,
221,0.91,0.91,,,,,,,,,,,,,,,,,,,,,,,,,,,,,,,,
222,0.94,0.94,,,,,,,,,,,,,,,,,,,,,,,,,,,,,,,,
223,1.06,1.06,,,,,,,,,,,,,,,,,,,,,,,,,,,,,,,,
224,1.25,1.25,,,,,,,,,,,,,,,,,,,,,,,,,,,,,,,,
225,1.12,1.12,,,,,,,,,,,,,,,,,,,,,,,,,,,,,,,,
226,0.92,0.92,,,,,,,,,,,,,,,,,,,,,,,,,,,,,,,,
227,0.99,0.99,,,,,,,,,,,,,,,,,,,,,,,,,,,,,,,,
228,0.92,0.92,,,,,,,,,,,,,,,,,,,,,,,,,,,,,,,,
229,0.87,0.87,,,,,,,,,,,,,,,,,,,,,,,,,,,,,,,,
230,1.01,1.01,,,,,,,,,,,,,,,,,,,,,,,,,,,,,,,,
231,1.03,1.03,,,,,,,,,,,,,,,,,,,,,,,,,,,,,,,,
232,1.11,1.11,,,,,,,,,,,,,,,,,,,,,,,,,,,,,,,,
233,1.01,1.01,,,,,,,,,,,,,,,,,,,,,,,,,,,,,,,,
234,1.04,1.04,,,,,,,,,,,,,,,,,,,,,,,,,,,,,,,,
235,1.03,1.03,,,,,,,,,,,,,,,,,,,,,,,,,,,,,,,,
236,0.85,0.85,,,,,,,,,,,,,,,,,,,,,,,,,,,,,,,,
237,0.84,0.84,,,,,,,,,,,,,,,,,,,,,,,,,,,,,,,,
238,0.96,0.96,,,,,,,,,,,,,,,,,,,,,,,,,,,,,,,,
239,1.08,1.08,,,,,,,,,,,,,,,,,,,,,,,,,,,,,,,,
240,1.25,1.25,,,,,,,,,,,,,,,,,,,,,,,,,,,,,,,,
241,1.11,1.11,,,,,,,,,,,,,,,,,,,,,,,,,,,,,,,,
242,1.18,1.18,,,,,,,,,,,,,,,,,,,,,,,,,,,,,,,,
243,1.05,1.05,,,,,,,,,,,,,,,,,,,,,,,,,,,,,,,,
244,0.87,0.87,,,,,,,,,,,,,,,,,,,,,,,,,,,,,,,,
245,0.85,0.85,,,,,,,,,,,,,,,,,,,,,,,,,,,,,,,,
246,0.93,0.93,,,,,,,,,,,,,,,,,,,,,,,,,,,,,,,,
247,1.15,1.15,,,,,,,,,,,,,,,,,,,,,,,,,,,,,,,,
248,1.17,1.17,,,,,,,,,,,,,,,,,,,,,,,,,,,,,,,,
249,1.05,1.05,,,,,,,,,,,,,,,,,,,,,,,,,,,,,,,,
250,0.89,0.89,,,,,,,,,,,,,,,,,,,,,,,,,,,,,,,,
251,1.01,1.01,,,,,,,,,,,,,,,,,,,,,,,,,,,,,,,,
252,0.74,0.74,,,,,,,,,,,,,,,,,,,,,,,,,,,,,,,,
253,0.9,0.9,,,,,,,,,,,,,,,,,,,,,,,,,,,,,,,,
254,1.04,1.04,,,,,,,,,,,,,,,,,,,,,,,,,,,,,,,,
255,1.17,1.17,,,,,,,,,,,,,,,,,,,,,,,,,,,,,,,,
256,1.29,1.29,,,,,,,,,,,,,,,,,,,,,,,,,,,,,,,,
257,1.14,1.14,,,,,,,,,,,,,,,,,,,,,,,,,,,,,,,,
258,0.9,0.9,,,,,,,,,,,,,,,,,,,,,,,,,,,,,,,,
259,1.02,1.02,,,,,,,,,,,,,,,,,,,,,,,,,,,,,,,,
260,0.91,0.91,,,,,,,,,,,,,,,,,,,,,,,,,,,,,,,,
261,0.92,0.92,,,,,,,,,,,,,,,,,,,,,,,,,,,,,,,,
262,0.95,0.95,,,,,,,,,,,,,,,,,,,,,,,,,,,,,,,,
263,1.05,1.05,,,,,,,,,,,,,,,,,,,,,,,,,,,,,,,,
264,1.21,1.21,,,,,,,,,,,,,,,,,,,,,,,,,,,,,,,,
265,0.97,0.97,,,,,,,,,,,,,,,,,,,,,,,,,,,,,,,,
266,1.15,1.15,,,,,,,,,,,,,,,,,,,,,,,,,,,,,,,,
267,0.93,0.93,,,,,,,,,,,,,,,,,,,,,,,,,,,,,,,,
268,0.8,0.8,,,,,,,,,,,,,,,,,,,,,,,,,,,,,,,,
269,0.89,0.89,,,,,,,,,,,,,,,,,,,,,,,,,,,,,,,,
270,0.97,0.97,,,,,,,,,,,,,,,,,,,,,,,,,,,,,,,,
271,1.15,1.15,,,,,,,,,,,,,,,,,,,,,,,,,,,,,,,,
272,1.36,1.36,,,,,,,,,,,,,,,,,,,,,,,,,,,,,,,,
273,0.91,0.91,,,,,,,,,,,,,,,,,,,,,,,,,,,,,,,,
274,1.1,1.1,,,,,,,,,,,,,,,,,,,,,,,,,,,,,,,,
275,0.96,0.96,,,,,,,,,,,,,,,,,,,,,,,,,,,,,,,,
276,0.89,0.89,,,,,,,,,,,,,,,,,,,,,,,,,,,,,,,,
277,0.9,0.9,,,,,,,,,,,,,,,,,,,,,,,,,,,,,,,,
278,1,1,,,,,,,,,,,,,,,,,,,,,,,,,,,,,,,,
279,1.09,1.09,,,,,,,,,,,,,,,,,,,,,,,,,,,,,,,,
280,1.09,1.09,,,,,,,,,,,,,,,,,,,,,,,,,,,,,,,,
281,0.87,0.87,,,,,,,,,,,,,,,,,,,,,,,,,,,,,,,,
282,0.93,0.93,,,,,,,,,,,,,,,,,,,,,,,,,,,,,,,,
283,0.95,0.95,,,,,,,,,,,,,,,,,,,,,,,,,,,,,,,,
284,0.9,0.9,,,,,,,,,,,,,,,,,,,,,,,,,,,,,,,,
285,0.93,0.93,,,,,,,,,,,,,,,,,,,,,,,,,,,,,,,,
286,1.03,1.03,,,,,,,,,,,,,,,,,,,,,,,,,,,,,,,,
287,1.19,1.19,,,,,,,,,,,,,,,,,,,,,,,,,,,,,,,,
288,1.3,1.3,,,,,,,,,,,,,,,,,,,,,,,,,,,,,,,,
289,1.06,1.06,,,,,,,,,,,,,,,,,,,,,,,,,,,,,,,,
290,1.12,1.12,,,,,,,,,,,,,,,,,,,,,,,,,,,,,,,,
291,0.94,0.94,,,,,,,,,,,,,,,,,,,,,,,,,,,,,,,,
292,0.88,0.88,,,,,,,,,,,,,,,,,,,,,,,,,,,,,,,,
293,0.88,0.88,,,,,,,,,,,,,,,,,,,,,,,,,,,,,,,,
294,0.94,0.94,,,,,,,,,,,,,,,,,,,,,,,,,,,,,,,,
295,1.1,1.1,,,,,,,,,,,,,,,,,,,,,,,,,,,,,,,,
296,1.17,1.17,,,,,,,,,,,,,,,,,,,,,,,,,,,,,,,,
297,0.82,0.82,,,,,,,,,,,,,,,,,,,,,,,,,,,,,,,,
298,1.08,1.08,,,,,,,,,,,,,,,,,,,,,,,,,,,,,,,,
299,0.93,0.93,,,,,,,,,,,,,,,,,,,,,,,,,,,,,,,,
300,0.83,0.83,,,,,,,,,,,,,,,,,,,,,,,,,,,,,,,,
301,0.94,0.94,,,,,,,,,,,,,,,,,,,,,,,,,,,,,,,,
302,1.06,1.06,,,,,,,,,,,,,,,,,,,,,,,,,,,,,,,,
303,1.28,1.28,,,,,,,,,,,,,,,,,,,,,,,,,,,,,,,,
304,1.23,1.23,,,,,,,,,,,,,,,,,,,,,,,,,,,,,,,,
305,0.95,0.95,,,,,,,,,,,,,,,,,,,,,,,,,,,,,,,,
306,1.12,1.12,,,,,,,,,,,,,,,,,,,,,,,,,,,,,,,,
307,0.9,0.9,,,,,,,,,,,,,,,,,,,,,,,,,,,,,,,,
308,0.88,0.88,,,,,,,,,,,,,,,,,,,,,,,,,,,,,,,,
309,0.94,0.94,,,,,,,,,,,,,,,,,,,,,,,,,,,,,,,,
310,1.1,1.1,,,,,,,,,,,,,,,,,,,,,,,,,,,,,,,,
311,1.25,1.25,,,,,,,,,,,,,,,,,,,,,,,,,,,,,,,,
312,1.04,1.04,,,,,,,,,,,,,,,,,,,,,,,,,,,,,,,,
313,0.82,0.82,,,,,,,,,,,,,,,,,,,,,,,,,,,,,,,,
314,0.97,0.97,,,,,,,,,,,,,,,,,,,,,,,,,,,,,,,,
315,0.86,0.86,,,,,,,,,,,,,,,,,,,,,,,,,,,,,,,,
316,0.87,0.87,,,,,,,,,,,,,,,,,,,,,,,,,,,,,,,,
317,1.03,1.03,,,,,,,,,,,,,,,,,,,,,,,,,,,,,,,,
318,1.17,1.17,,,,,,,,,,,,,,,,,,,,,,,,,,,,,,,,
319,1.27,1.27,,,,,,,,,,,,,,,,,,,,,,,,,,,,,,,,
320,1.08,1.08,,,,,,,,,,,,,,,,,,,,,,,,,,,,,,,,
321,1.02,1.02,,,,,,,,,,,,,,,,,,,,,,,,,,,,,,,,
322,1.08,1.08,,,,,,,,,,,,,,,,,,,,,,,,,,,,,,,,
323,0.84,0.84,,,,,,,,,,,,,,,,,,,,,,,,,,,,,,,,
324,0.95,0.95,,,,,,,,,,,,,,,,,,,,,,,,,,,,,,,,
325,0.96,0.96,,,,,,,,,,,,,,,,,,,,,,,,,,,,,,,,
326,1.06,1.06,,,,,,,,,,,,,,,,,,,,,,,,,,,,,,,,
327,1.27,1.27,,,,,,,,,,,,,,,,,,,,,,,,,,,,,,,,
328,0.92,0.92,,,,,,,,,,,,,,,,,,,,,,,,,,,,,,,,
329,0.84,0.84,,,,,,,,,,,,,,,,,,,,,,,,,,,,,,,,
330,1.07,1.07,,,,,,,,,,,,,,,,,,,,,,,,,,,,,,,,
331,0.9,0.9,,,,,,,,,,,,,,,,,,,,,,,,,,,,,,,,
332,0.86,0.86,,,,,,,,,,,,,,,,,,,,,,,,,,,,,,,,
333,0.94,0.94,,,,,,,,,,,,,,,,,,,,,,,,,,,,,,,,
334,1.14,1.14,,,,,,,,,,,,,,,,,,,,,,,,,,,,,,,,
335,1.36,1.36,,,,,,,,,,,,,,,,,,,,,,,,,,,,,,,,
336,1.07,1.07,,,,,,,,,,,,,,,,,,,,,,,,,,,,,,,,
337,1.04,1.04,,,,,,,,,,,,,,,,,,,,,,,,,,,,,,,,
338,0.97,0.97,,,,,,,,,,,,,,,,,,,,,,,,,,,,,,,,
339,0.84,0.84,,,,,,,,,,,,,,,,,,,,,,,,,,,,,,,,
340,0.93,0.93,,,,,,,,,,,,,,,,,,,,,,,,,,,,,,,,
341,1.03,1.03,,,,,,,,,,,,,,,,,,,,,,,,,,,,,,,,
342,1.03,1.03,,,,,,,,,,,,,,,,,,,,,,,,,,,,,,,,
343,1.18,1.18,,,,,,,,,,,,,,,,,,,,,,,,,,,,,,,,
344,0.84,0.84,,,,,,,,,,,,,,,,,,,,,,,,,,,,,,,,
345,0.99,0.99,,,,,,,,,,,,,,,,,,,,,,,,,,,,,,,,
346,0.86,0.86,,,,,,,,,,,,,,,,,,,,,,,,,,,,,,,,
347,0.85,0.85,,,,,,,,,,,,,,,,,,,,,,,,,,,,,,,,
348,0.94,0.94,,,,,,,,,,,,,,,,,,,,,,,,,,,,,,,,
349,1.06,1.06,,,,,,,,,,,,,,,,,,,,,,,,,,,,,,,,
350,1.18,1.18,,,,,,,,,,,,,,,,,,,,,,,,,,,,,,,,
351,1.4,1.4,,,,,,,,,,,,,,,,,,,,,,,,,,,,,,,,
352,1.07,1.07,,,,,,,,,,,,,,,,,,,,,,,,,,,,,,,,
353,1.26,1.26,,,,,,,,,,,,,,,,,,,,,,,,,,,,,,,,
354,0.98,0.98,,,,,,,,,,,,,,,,,,,,,,,,,,,,,,,,
355,0.76,0.76,,,,,,,,,,,,,,,,,,,,,,,,,,,,,,,,
356,0.81,0.81,,,,,,,,,,,,,,,,,,,,,,,,,,,,,,,,
357,0.91,0.91,,,,,,,,,,,,,,,,,,,,,,,,,,,,,,,,
358,1.17,1.17,,,,,,,,,,,,,,,,,,,,,,,,,,,,,,,,
359,1.36,1.36,,,,,,,,,,,,,,,,,,,,,,,,,,,,,,,,
360,0.96,0.96,,,,,,,,,,,,,,,,,,,,,,,,,,,,,,,,
361,0.85,0.85,,,,,,,,,,,,,,,,,,,,,,,,,,,,,,,,
362,0.89,0.89,,,,,,,,,,,,,,,,,,,,,,,,,,,,,,,,
363,0.86,0.86,,,,,,,,,,,,,,,,,,,,,,,,,,,,,,,,
364,0.97,0.97,,,,,,,,,,,,,,,,,,,,,,,,,,,,,,,,
365,1,1,,,,,,,,,,,,,,,,,,,,,,,,,,,,,,,,
366,1.06,1.06,,,,,,,,,,,,,,,,,,,,,,,,,,,,,,,,
367,1.31,1.31,,,,,,,,,,,,,,,,,,,,,,,,,,,,,,,,
368,0.94,0.94,,,,,,,,,,,,,,,,,,,,,,,,,,,,,,,,
369,1.11,1.11,,,,,,,,,,,,,,,,,,,,,,,,,,,,,,,,
370,1,1,,,,,,,,,,,,,,,,,,,,,,,,,,,,,,,,
371,0.92,0.92,,,,,,,,,,,,,,,,,,,,,,,,,,,,,,,,
372,0.93,0.93,,,,,,,,,,,,,,,,,,,,,,,,,,,,,,,,
373,1.08,1.08,,,,,,,,,,,,,,,,,,,,,,,,,,,,,,,,
374,1.13,1.13,,,,,,,,,,,,,,,,,,,,,,,,,,,,,,,,
375,1.09,1.09,,,,,,,,,,,,,,,,,,,,,,,,,,,,,,,,
376,0.82,0.82,,,,,,,,,,,,,,,,,,,,,,,,,,,,,,,,
377,1.03,1.03,,,,,,,,,,,,,,,,,,,,,,,,,,,,,,,,
378,0.93,0.93,,,,,,,,,,,,,,,,,,,,,,,,,,,,,,,,
379,0.93,0.93,,,,,,,,,,,,,,,,,,,,,,,,,,,,,,,,
380,0.96,0.96,,,,,,,,,,,,,,,,,,,,,,,,,,,,,,,,
381,1.01,1.01,,,,,,,,,,,,,,,,,,,,,,,,,,,,,,,,
382,1.22,1.22,,,,,,,,,,,,,,,,,,,,,,,,,,,,,,,,
383,1.04,1.04,,,,,,,,,,,,,,,,,,,,,,,,,,,,,,,,
384,0.9,0.9,,,,,,,,,,,,,,,,,,,,,,,,,,,,,,,,
385,1.09,1.09,,,,,,,,,,,,,,,,,,,,,,,,,,,,,,,,
386,0.8,0.8,,,,,,,,,,,,,,,,,,,,,,,,,,,,,,,,
387,0.93,0.93,,,,,,,,,,,,,,,,,,,,,,,,,,,,,,,,
388,1.13,1.13,,,,,,,,,,,,,,,,,,,,,,,,,,,,,,,,
389,1.05,1.05,,,,,,,,,,,,,,,,,,,,,,,,,,,,,,,,
390,1.06,1.06,,,,,,,,,,,,,,,,,,,,,,,,,,,,,,,,
391,0.97,0.97,,,,,,,,,,,,,,,,,,,,,,,,,,,,,,,,
392,1.11,1.11,,,,,,,,,,,,,,,,,,,,,,,,,,,,,,,,
393,0.99,0.99,,,,,,,,,,,,,,,,,,,,,,,,,,,,,,,,
394,0.96,0.96,,,,,,,,,,,,,,,,,,,,,,,,,,,,,,,,
395,0.85,0.85,,,,,,,,,,,,,,,,,,,,,,,,,,,,,,,,
396,0.92,0.92,,,,,,,,,,,,,,,,,,,,,,,,,,,,,,,,
397,1.13,1.13,,,,,,,,,,,,,,,,,,,,,,,,,,,,,,,,
398,1.19,1.19,,,,,,,,,,,,,,,,,,,,,,,,,,,,,,,,
399,0.95,0.95,,,,,,,,,,,,,,,,,,,,,,,,,,,,,,,,
400,1.14,1.14,,,,,,,,,,,,,,,,,,,,,,,,,,,,,,,,
401,0.92,0.92,,,,,,,,,,,,,,,,,,,,,,,,,,,,,,,,
402,0.85,0.85,,,,,,,,,,,,,,,,,,,,,,,,,,,,,,,,
403,0.97,0.97,,,,,,,,,,,,,,,,,,,,,,,,,,,,,,,,
404,1.05,1.05,,,,,,,,,,,,,,,,,,,,,,,,,,,,,,,,
405,1.24,1.24,,,,,,,,,,,,,,,,,,,,,,,,,,,,,,,,
406,1.01,1.01,,,,,,,,,,,,,,,,,,,,,,,,,,,,,,,,
407,1.02,1.02,,,,,,,,,,,,,,,,,,,,,,,,,,,,,,,,
408,0.9,0.9,,,,,,,,,,,,,,,,,,,,,,,,,,,,,,,,
409,0.79,0.79,,,,,,,,,,,,,,,,,,,,,,,,,,,,,,,,
410,0.87,0.87,,,,,,,,,,,,,,,,,,,,,,,,,,,,,,,,
411,0.96,0.96,,,,,,,,,,,,,,,,,,,,,,,,,,,,,,,,
412,1.29,1.29,,,,,,,,,,,,,,,,,,,,,,,,,,,,,,,,
413,1.26,1.26,,,,,,,,,,,,,,,,,,,,,,,,,,,,,,,,
414,1.03,1.03,,,,,,,,,,,,,,,,,,,,,,,,,,,,,,,,
415,1.08,1.08,,,,,,,,,,,,,,,,,,,,,,,,,,,,,,,,
416,0.8,0.8,,,,,,,,,,,,,,,,,,,,,,,,,,,,,,,,
417,0.86,0.86,,,,,,,,,,,,,,,,,,,,,,,,,,,,,,,,
418,0.93,0.93,,,,,,,,,,,,,,,,,,,,,,,,,,,,,,,,
419,1.14,1.14,,,,,,,,,,,,,,,,,,,,,,,,,,,,,,,,
420,1.05,1.05,,,,,,,,,,,,,,,,,,,,,,,,,,,,,,,,
421,0.96,0.96,,,,,,,,,,,,,,,,,,,,,,,,,,,,,,,,
422,1.09,1.09,,,,,,,,,,,,,,,,,,,,,,,,,,,,,,,,
423,0.82,0.82,,,,,,,,,,,,,,,,,,,,,,,,,,,,,,,,
424,0.83,0.83,,,,,,,,,,,,,,,,,,,,,,,,,,,,,,,,
425,1.06,1.06,,,,,,,,,,,,,,,,,,,,,,,,,,,,,,,,
426,1.19,1.19,,,,,,,,,,,,,,,,,,,,,,,,,,,,,,,,
427,1.45,1.45,,,,,,,,,,,,,,,,,,,,,,,,,,,,,,,,
428,1,1,,,,,,,,,,,,,,,,,,,,,,,,,,,,,,,,
429,1.15,1.15,,,,,,,,,,,,,,,,,,,,,,,,,,,,,,,,
430,0.78,0.78,,,,,,,,,,,,,,,,,,,,,,,,,,,,,,,,
431,0.72,0.72,,,,,,,,,,,,,,,,,,,,,,,,,,,,,,,,
432,0.9,0.9,,,,,,,,,,,,,,,,,,,,,,,,,,,,,,,,
433,1.14,1.14,,,,,,,,,,,,,,,,,,,,,,,,,,,,,,,,
434,1.15,1.15,,,,,,,,,,,,,,,,,,,,,,,,,,,,,,,,
435,0.8,0.8,,,,,,,,,,,,,,,,,,,,,,,,,,,,,,,,
436,0.94,0.94,,,,,,,,,,,,,,,,,,,,,,,,,,,,,,,,
437,0.77,0.77,,,,,,,,,,,,,,,,,,,,,,,,,,,,,,,,
438,0.95,0.95,,,,,,,,,,,,,,,,,,,,,,,,,,,,,,,,
439,1.17,1.17,,,,,,,,,,,,,,,,,,,,,,,,,,,,,,,,
440,1.22,1.22,,,,,,,,,,,,,,,,,,,,,,,,,,,,,,,,
441,1.26,1.26,,,,,,,,,,,,,,,,,,,,,,,,,,,,,,,,
442,1.1,1.1,,,,,,,,,,,,,,,,,,,,,,,,,,,,,,,,
443,0.89,0.89,,,,,,,,,,,,,,,,,,,,,,,,,,,,,,,,
444,0.76,0.76,,,,,,,,,,,,,,,,,,,,,,,,,,,,,,,,
445,0.96,0.96,,,,,,,,,,,,,,,,,,,,,,,,,,,,,,,,
446,1.13,1.13,,,,,,,,,,,,,,,,,,,,,,,,,,,,,,,,
447,1.17,1.17,,,,,,,,,,,,,,,,,,,,,,,,,,,,,,,,
448,1.05,1.05,,,,,,,,,,,,,,,,,,,,,,,,,,,,,,,,
449,0.92,0.92,,,,,,,,,,,,,,,,,,,,,,,,,,,,,,,,
450,0.7,0.7,,,,,,,,,,,,,,,,,,,,,,,,,,,,,,,,
451,0.95,0.95,,,,,,,,,,,,,,,,,,,,,,,,,,,,,,,,
452,1.04,1.04,,,,,,,,,,,,,,,,,,,,,,,,,,,,,,,,
453,1.43,1.43,,,,,,,,,,,,,,,,,,,,,,,,,,,,,,,,
454,1.49,1.49,,,,,,,,,,,,,,,,,,,,,,,,,,,,,,,,
455,1.01,1.01,,,,,,,,,,,,,,,,,,,,,,,,,,,,,,,,
456,0.62,0.62,,,,,,,,,,,,,,,,,,,,,,,,,,,,,,,,
457,0.86,0.86,,,,,,,,,,,,,,,,,,,,,,,,,,,,,,,,
458,0.98,0.98,,,,,,,,,,,,,,,,,,,,,,,,,,,,,,,,
459,1.02,1.02,,,,,,,,,,,,,,,,,,,,,,,,,,,,,,,,
460,1.13,1.13,,,,,,,,,,,,,,,,,,,,,,,,,,,,,,,,
461,0.87,0.87,,,,,,,,,,,,,,,,,,,,,,,,,,,,,,,,
462,0.72,0.72,,,,,,,,,,,,,,,,,,,,,,,,,,,,,,,,
463,0.76,0.76,,,,,,,,,,,,,,,,,,,,,,,,,,,,,,,,
464,1.39,1.39,,,,,,,,,,,,,,,,,,,,,,,,,,,,,,,,
465,1.31,1.31,,,,,,,,,,,,,,,,,,,,,,,,,,,,,,,,
466,1.14,1.14,,,,,,,,,,,,,,,,,,,,,,,,,,,,,,,,
467,0.73,0.73,,,,,,,,,,,,,,,,,,,,,,,,,,,,,,,,
468,0.76,0.76,,,,,,,,,,,,,,,,,,,,,,,,,,,,,,,,
469,1.38,1.38,,,,,,,,,,,,,,,,,,,,,,,,,,,,,,,,
470,1.24,1.24,,,,,,,,,,,,,,,,,,,,,,,,,,,,,,,,
471,0.93,0.93,,,,,,,,,,,,,,,,,,,,,,,,,,,,,,,,
472,0.8,0.8,,,,,,,,,,,,,,,,,,,,,,,,,,,,,,,,
473,0.77,0.77,,,,,,,,,,,,,,,,,,,,,,,,,,,,,,,,
474,1.47,1.47,,,,,,,,,,,,,,,,,,,,,,,,,,,,,,,,
475,1.13,1.13,,,,,,,,,,,,,,,,,,,,,,,,,,,,,,,,
476,1.25,1.25,,,,,,,,,,,,,,,,,,,,,,,,,,,,,,,,
477,0.78,0.78,,,,,,,,,,,,,,,,,,,,,,,,,,,,,,,,
478,0.57,0.57,,,,,,,,,,,,,,,,,,,,,,,,,,,,,,,,
479,0.89,0.89,,,,,,,,,,,,,,,,,,,,,,,,,,,,,,,,
480,1.19,1.19,,,,,,,,,,,,,,,,,,,,,,,,,,,,,,,,
481,1.37,1.37,,,,,,,,,,,,,,,,,,,,,,,,,,,,,,,,
482,0.74,0.74,,,,,,,,,,,,,,,,,,,,,,,,,,,,,,,,
483,0.62,0.62,,,,,,,,,,,,,,,,,,,,,,,,,,,,,,,,
484,0.71,0.71,,,,,,,,,,,,,,,,,,,,,,,,,,,,,,,,
485,1.34,1.34,,,,,,,,,,,,,,,,,,,,,,,,,,,,,,,,
486,1.42,1.42,,,,,,,,,,,,,,,,,,,,,,,,,,,,,,,,
487,1.23,1.23,,,,,,,,,,,,,,,,,,,,,,,,,,,,,,,,
488,0.55,0.55,,,,,,,,,,,,,,,,,,,,,,,,,,,,,,,,
489,0.34,0.34,,,,,,,,,,,,,,,,,,,,,,,,,,,,,,,,
490,0.92,0.92,,,,,,,,,,,,,,,,,,,,,,,,,,,,,,,,
491,1.34,1.34,,,,,,,,,,,,,,,,,,,,,,,,,,,,,,,,
492,1.3,1.3,,,,,,,,,,,,,,,,,,,,,,,,,,,,,,,,
493,0.94,0.94,,,,,,,,,,,,,,,,,,,,,,,,,,,,,,,,
494,0.56,0.56,,,,,,,,,,,,,,,,,,,,,,,,,,,,,,,,
495,0.79,0.79,,,,,,,,,,,,,,,,,,,,,,,,,,,,,,,,
496,1.6,1.6,,,,,,,,,,,,,,,,,,,,,,,,,,,,,,,,
497,1.72,1.72,,,,,,,,,,,,,,,,,,,,,,,,,,,,,,,,
498,1.23,1.23,,,,,,,,,,,,,,,,,,,,,,,,,,,,,,,,
499,0.83,0.83,,,,,,,,,,,,,,,,,,,,,,,,,,,,,,,,
500,0.88,0.88,,,,,,,,,,,,,,,,,,,,,,,,,,,,,,,,
501,1.24,1.24,,,,,,,,,,,,,,,,,,,,,,,,,,,,,,,,
502,1.74,1.74,,,,,,,,,,,,,,,,,,,,,,,,,,,,,,,,
503,0.75,0.75,,,,,,,,,,,,,,,,,,,,,,,,,,,,,,,,
504,0.57,0.57,,,,,,,,,,,,,,,,,,,,,,,,,,,,,,,,
505,0.43,0.43,,,,,,,,,,,,,,,,,,,,,,,,,,,,,,,,
506,1.11,1.11,,,,,,,,,,,,,,,,,,,,,,,,,,,,,,,,
507,1.51,1.51,,,,,,,,,,,,,,,,,,,,,,,,,,,,,,,,
508,1.21,1.21,,,,,,,,,,,,,,,,,,,,,,,,,,,,,,,,
509,0.51,0.51,,,,,,,,,,,,,,,,,,,,,,,,,,,,,,,,
510,0.51,0.51,,,,,,,,,,,,,,,,,,,,,,,,,,,,,,,,
511,1.02,1.02,,,,,,,,,,,,,,,,,,,,,,,,,,,,,,,,
512,1.28,1.28,,,,,,,,,,,,,,,,,,,,,,,,,,,,,,,,
513,1.45,1.45,,,,,,,,,,,,,,,,,,,,,,,,,,,,,,,,
514,0.62,0.62,,,,,,,,,,,,,,,,,,,,,,,,,,,,,,,,
515,0.36,0.36,,,,,,,,,,,,,,,,,,,,,,,,,,,,,,,,
516,0.79,0.79,,,,,,,,,,,,,,,,,,,,,,,,,,,,,,,,
517,1.52,1.52,,,,,,,,,,,,,,,,,,,,,,,,,,,,,,,,
518,1.97,1.97,,,,,,,,,,,,,,,,,,,,,,,,,,,,,,,,
519,0.8,0.8,,,,,,,,,,,,,,,,,,,,,,,,,,,,,,,,
520,0.47,0.47,,,,,,,,,,,,,,,,,,,,,,,,,,,,,,,,
521,0.71,0.71,,,,,,,,,,,,,,,,,,,,,,,,,,,,,,,,
522,1.34,1.34,,,,,,,,,,,,,,,,,,,,,,,,,,,,,,,,
523,1.68,1.68,,,,,,,,,,,,,,,,,,,,,,,,,,,,,,,,
524,0.81,0.81,,,,,,,,,,,,,,,,,,,,,,,,,,,,,,,,
525,0.56,0.56,,,,,,,,,,,,,,,,,,,,,,,,,,,,,,,,
526,0.59,0.59,,,,,,,,,,,,,,,,,,,,,,,,,,,,,,,,
527,1.56,1.56,,,,,,,,,,,,,,,,,,,,,,,,,,,,,,,,
528,1.39,1.39,,,,,,,,,,,,,,,,,,,,,,,,,,,,,,,,
529,1.25,1.25,,,,,,,,,,,,,,,,,,,,,,,,,,,,,,,,
530,0.49,0.49,,,,,,,,,,,,,,,,,,,,,,,,,,,,,,,,
531,0.49,0.49,,,,,,,,,,,,,,,,,,,,,,,,,,,,,,,,
532,1.08,1.08,,,,,,,,,,,,,,,,,,,,,,,,,,,,,,,,
533,1.8,1.8,,,,,,,,,,,,,,,,,,,,,,,,,,,,,,,,
534,1.25,1.25,,,,,,,,,,,,,,,,,,,,,,,,,,,,,,,,
535,0.84,0.84,,,,,,,,,,,,,,,,,,,,,,,,,,,,,,,,
536,0.37,0.37,,,,,,,,,,,,,,,,,,,,,,,,,,,,,,,,
537,1,1,,,,,,,,,,,,,,,,,,,,,,,,,,,,,,,,
538,2.02,2.02,,,,,,,,,,,,,,,,,,,,,,,,,,,,,,,,
539,1.24,1.24,,,,,,,,,,,,,,,,,,,,,,,,,,,,,,,,
540,0.49,0.49,,,,,,,,,,,,,,,,,,,,,,,,,,,,,,,,
541,0.41,0.41,,,,,,,,,,,,,,,,,,,,,,,,,,,,,,,,
542,0.76,0.76,,,,,,,,,,,,,,,,,,,,,,,,,,,,,,,,
543,1.8,1.8,,,,,,,,,,,,,,,,,,,,,,,,,,,,,,,,
544,1.39,1.39,,,,,,,,,,,,,,,,,,,,,,,,,,,,,,,,
545,0.83,0.83,,,,,,,,,,,,,,,,,,,,,,,,,,,,,,,,
546,0.38,0.38,,,,,,,,,,,,,,,,,,,,,,,,,,,,,,,,
547,0.74,0.74,,,,,,,,,,,,,,,,,,,,,,,,,,,,,,,,
548,2.14,2.14,,,,,,,,,,,,,,,,,,,,,,,,,,,,,,,,
549,1.49,1.49,,,,,,,,,,,,,,,,,,,,,,,,,,,,,,,,
550,0.97,0.97,,,,,,,,,,,,,,,,,,,,,,,,,,,,,,,,
551,0.59,0.59,,,,,,,,,,,,,,,,,,,,,,,,,,,,,,,,
552,0.5,0.5,,,,,,,,,,,,,,,,,,,,,,,,,,,,,,,,
553,1.43,1.43,,,,,,,,,,,,,,,,,,,,,,,,,,,,,,,,
554,1.72,1.72,,,,,,,,,,,,,,,,,,,,,,,,,,,,,,,,
555,0.96,0.96,,,,,,,,,,,,,,,,,,,,,,,,,,,,,,,,
556,0.62,0.62,,,,,,,,,,,,,,,,,,,,,,,,,,,,,,,,
557,0.43,0.43,,,,,,,,,,,,,,,,,,,,,,,,,,,,,,,,
558,1.03,1.03,,,,,,,,,,,,,,,,,,,,,,,,,,,,,,,,
559,1.8,1.8,,,,,,,,,,,,,,,,,,,,,,,,,,,,,,,,
560,1.26,1.26,,,,,,,,,,,,,,,,,,,,,,,,,,,,,,,,
561,0.61,0.61,,,,,,,,,,,,,,,,,,,,,,,,,,,,,,,,
562,0.35,0.35,,,,,,,,,,,,,,,,,,,,,,,,,,,,,,,,
563,0.81,0.81,,,,,,,,,,,,,,,,,,,,,,,,,,,,,,,,
564,1.76,1.76,,,,,,,,,,,,,,,,,,,,,,,,,,,,,,,,
565,1.34,1.34,,,,,,,,,,,,,,,,,,,,,,,,,,,,,,,,
566,0.91,0.91,,,,,,,,,,,,,,,,,,,,,,,,,,,,,,,,
567,0.41,0.41,,,,,,,,,,,,,,,,,,,,,,,,,,,,,,,,
568,0.99,0.99,,,,,,,,,,,,,,,,,,,,,,,,,,,,,,,,
569,1.69,1.69,,,,,,,,,,,,,,,,,,,,,,,,,,,,,,,,
570,1.15,1.15,,,,,,,,,,,,,,,,,,,,,,,,,,,,,,,,
571,0.71,0.71,,,,,,,,,,,,,,,,,,,,,,,,,,,,,,,,
572,0.5,0.5,,,,,,,,,,,,,,,,,,,,,,,,,,,,,,,,
573,0.94,0.94,,,,,,,,,,,,,,,,,,,,,,,,,,,,,,,,
574,1.84,1.84,,,,,,,,,,,,,,,,,,,,,,,,,,,,,,,,
575,1.27,1.27,,,,,,,,,,,,,,,,,,,,,,,,,,,,,,,,
576,0.86,0.86,,,,,,,,,,,,,,,,,,,,,,,,,,,,,,,,
577,0.27,0.27,,,,,,,,,,,,,,,,,,,,,,,,,,,,,,,,
578,0.91,0.91,,,,,,,,,,,,,,,,,,,,,,,,,,,,,,,,
579,1.91,1.91,,,,,,,,,,,,,,,,,,,,,,,,,,,,,,,,
580,1.32,1.32,,,,,,,,,,,,,,,,,,,,,,,,,,,,,,,,
581,0.75,0.75,,,,,,,,,,,,,,,,,,,,,,,,,,,,,,,,
582,0.36,0.36,,,,,,,,,,,,,,,,,,,,,,,,,,,,,,,,
583,0.93,0.93,,,,,,,,,,,,,,,,,,,,,,,,,,,,,,,,
584,1.71,1.71,,,,,,,,,,,,,,,,,,,,,,,,,,,,,,,,
585,1.52,1.52,,,,,,,,,,,,,,,,,,,,,,,,,,,,,,,,
586,0.4,0.4,,,,,,,,,,,,,,,,,,,,,,,,,,,,,,,,
587,0.44,0.44,,,,,,,,,,,,,,,,,,,,,,,,,,,,,,,,
588,0.75,0.75,,,,,,,,,,,,,,,,,,,,,,,,,,,,,,,,
589,1.84,1.84,,,,,,,,,,,,,,,,,,,,,,,,,,,,,,,,
590,1.63,1.63,,,,,,,,,,,,,,,,,,,,,,,,,,,,,,,,
591,0.94,0.94,,,,,,,,,,,,,,,,,,,,,,,,,,,,,,,,
592,0.58,0.58,,,,,,,,,,,,,,,,,,,,,,,,,,,,,,,,
593,0.64,0.64,,,,,,,,,,,,,,,,,,,,,,,,,,,,,,,,
594,1.53,1.53,,,,,,,,,,,,,,,,,,,,,,,,,,,,,,,,
595,1.78,1.78,,,,,,,,,,,,,,,,,,,,,,,,,,,,,,,,
596,0.84,0.84,,,,,,,,,,,,,,,,,,,,,,,,,,,,,,,,
597,0.53,0.53,,,,,,,,,,,,,,,,,,,,,,,,,,,,,,,,
598,0.71,0.71,,,,,,,,,,,,,,,,,,,,,,,,,,,,,,,,
599,1.21,1.21,,,,,,,,,,,,,,,,,,,,,,,,,,,,,,,,
600,1.43,1.43,,,,,,,,,,,,,,,,,,,,,,,,,,,,,,,,
601,1.29,1.29,,,,,,,,,,,,,,,,,,,,,,,,,,,,,,,,
602,0.7,0.7,,,,,,,,,,,,,,,,,,,,,,,,,,,,,,,,
603,0.59,0.59,,,,,,,,,,,,,,,,,,,,,,,,,,,,,,,,
604,0.98,0.98,,,,,,,,,,,,,,,,,,,,,,,,,,,,,,,,
605,1.59,1.59,,,,,,,,,,,,,,,,,,,,,,,,,,,,,,,,
606,0.91,0.91,,,,,,,,,,,,,,,,,,,,,,,,,,,,,,,,
607,0.66,0.66,,,,,,,,,,,,,,,,,,,,,,,,,,,,,,,,
608,0.37,0.37,,,,,,,,,,,,,,,,,,,,,,,,,,,,,,,,
609,0.99,0.99,,,,,,,,,,,,,,,,,,,,,,,,,,,,,,,,
610,1.63,1.63,,,,,,,,,,,,,,,,,,,,,,,,,,,,,,,,
611,1.41,1.41,,,,,,,,,,,,,,,,,,,,,,,,,,,,,,,,
612,0.88,0.88,,,,,,,,,,,,,,,,,,,,,,,,,,,,,,,,
613,0.4,0.4,,,,,,,,,,,,,,,,,,,,,,,,,,,,,,,,
614,0.77,0.77,,,,,,,,,,,,,,,,,,,,,,,,,,,,,,,,
615,1.47,1.47,,,,,,,,,,,,,,,,,,,,,,,,,,,,,,,,
616,1.49,1.49,,,,,,,,,,,,,,,,,,,,,,,,,,,,,,,,
617,1.01,1.01,,,,,,,,,,,,,,,,,,,,,,,,,,,,,,,,
618,0.48,0.48,,,,,,,,,,,,,,,,,,,,,,,,,,,,,,,,
619,0.87,0.87,,,,,,,,,,,,,,,,,,,,,,,,,,,,,,,,
620,1.66,1.66,,,,,,,,,,,,,,,,,,,,,,,,,,,,,,,,
621,1.89,1.89,,,,,,,,,,,,,,,,,,,,,,,,,,,,,,,,
622,1.05,1.05,,,,,,,,,,,,,,,,,,,,,,,,,,,,,,,,
623,0.7,0.7,,,,,,,,,,,,,,,,,,,,,,,,,,,,,,,,
624,0.57,0.57,,,,,,,,,,,,,,,,,,,,,,,,,,,,,,,,
625,0.87,0.87,,,,,,,,,,,,,,,,,,,,,,,,,,,,,,,,
626,1.68,1.68,,,,,,,,,,,,,,,,,,,,,,,,,,,,,,,,
627,1.33,1.33,,,,,,,,,,,,,,,,,,,,,,,,,,,,,,,,
628,0.72,0.72,,,,,,,,,,,,,,,,,,,,,,,,,,,,,,,,
629,0.85,0.85,,,,,,,,,,,,,,,,,,,,,,,,,,,,,,,,
630,1.3,1.3,,,,,,,,,,,,,,,,,,,,,,,,,,,,,,,,
631,1.35,1.35,,,,,,,,,,,,,,,,,,,,,,,,,,,,,,,,
632,1.08,1.08,,,,,,,,,,,,,,,,,,,,,,,,,,,,,,,,
633,0.85,0.85,,,,,,,,,,,,,,,,,,,,,,,,,,,,,,,,
634,0.5,0.5,,,,,,,,,,,,,,,,,,,,,,,,,,,,,,,,
635,0.82,0.82,,,,,,,,,,,,,,,,,,,,,,,,,,,,,,,,
636,1.27,1.27,,,,,,,,,,,,,,,,,,,,,,,,,,,,,,,,
637,1.13,1.13,,,,,,,,,,,,,,,,,,,,,,,,,,,,,,,,
638,0.86,0.86,,,,,,,,,,,,,,,,,,,,,,,,,,,,,,,,
639,0.62,0.62,,,,,,,,,,,,,,,,,,,,,,,,,,,,,,,,
640,1.24,1.24,,,,,,,,,,,,,,,,,,,,,,,,,,,,,,,,
641,1.49,1.49,,,,,,,,,,,,,,,,,,,,,,,,,,,,,,,,
642,1.97,1.97,,,,,,,,,,,,,,,,,,,,,,,,,,,,,,,,
643,0.83,0.83,,,,,,,,,,,,,,,,,,,,,,,,,,,,,,,,
644,0.58,0.58,,,,,,,,,,,,,,,,,,,,,,,,,,,,,,,,
645,0.96,0.96,,,,,,,,,,,,,,,,,,,,,,,,,,,,,,,,
646,1.27,1.27,,,,,,,,,,,,,,,,,,,,,,,,,,,,,,,,
647,1.14,1.14,,,,,,,,,,,,,,,,,,,,,,,,,,,,,,,,
648,0.79,0.79,,,,,,,,,,,,,,,,,,,,,,,,,,,,,,,,
649,0.58,0.58,,,,,,,,,,,,,,,,,,,,,,,,,,,,,,,,
650,0.93,0.93,,,,,,,,,,,,,,,,,,,,,,,,,,,,,,,,
651,1.77,1.77,,,,,,,,,,,,,,,,,,,,,,,,,,,,,,,,
652,1.35,1.35,,,,,,,,,,,,,,,,,,,,,,,,,,,,,,,,
653,0.67,0.67,,,,,,,,,,,,,,,,,,,,,,,,,,,,,,,,
654,0.64,0.64,,,,,,,,,,,,,,,,,,,,,,,,,,,,,,,,
655,0.89,0.89,,,,,,,,,,,,,,,,,,,,,,,,,,,,,,,,
656,1.25,1.25,,,,,,,,,,,,,,,,,,,,,,,,,,,,,,,,
657,1.19,1.19,,,,,,,,,,,,,,,,,,,,,,,,,,,,,,,,
658,0.9,0.9,,,,,,,,,,,,,,,,,,,,,,,,,,,,,,,,
659,0.52,0.52,,,,,,,,,,,,,,,,,,,,,,,,,,,,,,,,
660,0.97,0.97,,,,,,,,,,,,,,,,,,,,,,,,,,,,,,,,
661,1.62,1.62,,,,,,,,,,,,,,,,,,,,,,,,,,,,,,,,
662,1.88,1.88,,,,,,,,,,,,,,,,,,,,,,,,,,,,,,,,
663,1.06,1.06,,,,,,,,,,,,,,,,,,,,,,,,,,,,,,,,
664,0.63,0.63,,,,,,,,,,,,,,,,,,,,,,,,,,,,,,,,
665,0.83,0.83,,,,,,,,,,,,,,,,,,,,,,,,,,,,,,,,
666,1.37,1.37,,,,,,,,,,,,,,,,,,,,,,,,,,,,,,,,
667,1.09,1.09,,,,,,,,,,,,,,,,,,,,,,,,,,,,,,,,
668,0.72,0.72,,,,,,,,,,,,,,,,,,,,,,,,,,,,,,,,
669,0.49,0.49,,,,,,,,,,,,,,,,,,,,,,,,,,,,,,,,
670,1.26,1.26,,,,,,,,,,,,,,,,,,,,,,,,,,,,,,,,
671,1.63,1.63,,,,,,,,,,,,,,,,,,,,,,,,,,,,,,,,
672,1.13,1.13,,,,,,,,,,,,,,,,,,,,,,,,,,,,,,,,
673,0.72,0.72,,,,,,,,,,,,,,,,,,,,,,,,,,,,,,,,
674,0.99,0.99,,,,,,,,,,,,,,,,,,,,,,,,,,,,,,,,
675,1.01,1.01,,,,,,,,,,,,,,,,,,,,,,,,,,,,,,,,
676,1.23,1.23,,,,,,,,,,,,,,,,,,,,,,,,,,,,,,,,
677,0.99,0.99,,,,,,,,,,,,,,,,,,,,,,,,,,,,,,,,
678,0.86,0.86,,,,,,,,,,,,,,,,,,,,,,,,,,,,,,,,
679,1.08,1.08,,,,,,,,,,,,,,,,,,,,,,,,,,,,,,,,
680,1.13,1.13,,,,,,,,,,,,,,,,,,,,,,,,,,,,,,,,
681,1.08,1.08,,,,,,,,,,,,,,,,,,,,,,,,,,,,,,,,
682,1,1,,,,,,,,,,,,,,,,,,,,,,,,,,,,,,,,
683,0.94,0.94,,,,,,,,,,,,,,,,,,,,,,,,,,,,,,,,
684,0.98,0.98,,,,,,,,,,,,,,,,,,,,,,,,,,,,,,,,
685,1.08,1.08,,,,,,,,,,,,,,,,,,,,,,,,,,,,,,,,
686,1.02,1.02,,,,,,,,,,,,,,,,,,,,,,,,,,,,,,,,
687,1.1,1.1,,,,,,,,,,,,,,,,,,,,,,,,,,,,,,,,
688,1.1,1.1,,,,,,,,,,,,,,,,,,,,,,,,,,,,,,,,
689,1,1,,,,,,,,,,,,,,,,,,,,,,,,,,,,,,,,
690,0.98,0.98,,,,,,,,,,,,,,,,,,,,,,,,,,,,,,,,
691,0.96,0.96,,,,,,,,,,,,,,,,,,,,,,,,,,,,,,,,
692,0.94,0.94,,,,,,,,,,,,,,,,,,,,,,,,,,,,,,,,
693,0.98,0.98,,,,,,,,,,,,,,,,,,,,,,,,,,,,,,,,
694,1.03,1.03,,,,,,,,,,,,,,,,,,,,,,,,,,,,,,,,
695,1.04,1.04,,,,,,,,,,,,,,,,,,,,,,,,,,,,,,,,
696,1.03,1.03,,,,,,,,,,,,,,,,,,,,,,,,,,,,,,,,
697,1.04,1.04,,,,,,,,,,,,,,,,,,,,,,,,,,,,,,,,
698,1.01,1.01,,,,,,,,,,,,,,,,,,,,,,,,,,,,,,,,
699,0.98,0.98,,,,,,,,,,,,,,,,,,,,,,,,,,,,,,,,
700,0.97,0.97,,,,,,,,,,,,,,,,,,,,,,,,,,,,,,,,
701,0.99,0.99,,,,,,,,,,,,,,,,,,,,,,,,,,,,,,,,
702,1.02,1.02,,,,,,,,,,,,,,,,,,,,,,,,,,,,,,,,
703,1,1,,,,,,,,,,,,,,,,,,,,,,,,,,,,,,,,
704,0.99,0.99,,,,,,,,,,,,,,,,,,,,,,,,,,,,,,,,
705,1.01,1.01,,,,,,,,,,,,,,,,,,,,,,,,,,,,,,,,
706,1.03,1.03,,,,,,,,,,,,,,,,,,,,,,,,,,,,,,,,
707,1.02,1.02,,,,,,,,,,,,,,,,,,,,,,,,,,,,,,,,
708,1,1,,,,,,,,,,,,,,,,,,,,,,,,,,,,,,,,
709,1,1,,,,,,,,,,,,,,,,,,,,,,,,,,,,,,,,
710,1,1,,,,,,,,,,,,,,,,,,,,,,,,,,,,,,,,
711,1.02,1.02,,,,,,,,,,,,,,,,,,,,,,,,,,,,,,,,
712,1.02,1.02,,,,,,,,,,,,,,,,,,,,,,,,,,,,,,,,
713,1,1,,,,,,,,,,,,,,,,,,,,,,,,,,,,,,,,
714,1.01,1.01,,,,,,,,,,,,,,,,,,,,,,,,,,,,,,,,
715,1,1,,,,,,,,,,,,,,,,,,,,,,,,,,,,,,,,
716,1.02,1.02,,,,,,,,,,,,,,,,,,,,,,,,,,,,,,,,
717,1.02,1.02,,,,,,,,,,,,,,,,,,,,,,,,,,,,,,,,
718,1,1,,,,,,,,,,,,,,,,,,,,,,,,,,,,,,,,
719,1.02,1.02,,,,,,,,,,,,,,,,,,,,,,,,,,,,,,,,
720,1.01,1.01,,,,,,,,,,,,,,,,,,,,,,,,,,,,,,,,
721,1.02,1.02,,,,,,,,,,,,,,,,,,,,,,,,,,,,,,,,
722,0.99,0.99,,,,,,,,,,,,,,,,,,,,,,,,,,,,,,,,
723,1.02,1.02,,,,,,,,,,,,,,,,,,,,,,,,,,,,,,,,
724,1.01,1.01,,,,,,,,,,,,,,,,,,,,,,,,,,,,,,,,
725,0.99,0.99,,,,,,,,,,,,,,,,,,,,,,,,,,,,,,,,
726,1,1,,,,,,,,,,,,,,,,,,,,,,,,,,,,,,,,
727,1.03,1.03,,,,,,,,,,,,,,,,,,,,,,,,,,,,,,,,
728,1.01,1.01,,,,,,,,,,,,,,,,,,,,,,,,,,,,,,,,
729,1.01,1.01,,,,,,,,,,,,,,,,,,,,,,,,,,,,,,,,
730,0.98,0.98,,,,,,,,,,,,,,,,,,,,,,,,,,,,,,,,
731,0.99,0.99,,,,,,,,,,,,,,,,,,,,,,,,,,,,,,,,
732,0.97,0.97,,,,,,,,,,,,,,,,,,,,,,,,,,,,,,,,
733,0.98,0.98,,,,,,,,,,,,,,,,,,,,,,,,,,,,,,,,
734,1,1,,,,,,,,,,,,,,,,,,,,,,,,,,,,,,,,
735,0.99,0.99,,,,,,,,,,,,,,,,,,,,,,,,,,,,,,,,
736,1.04,1.04,,,,,,,,,,,,,,,,,,,,,,,,,,,,,,,,
737,1.05,1.05,,,,,,,,,,,,,,,,,,,,,,,,,,,,,,,,
738,1.02,1.02,,,,,,,,,,,,,,,,,,,,,,,,,,,,,,,,
739,1.06,1.06,,,,,,,,,,,,,,,,,,,,,,,,,,,,,,,,
740,1.01,1.01,,,,,,,,,,,,,,,,,,,,,,,,,,,,,,,,
741,0.9,0.9,,,,,,,,,,,,,,,,,,,,,,,,,,,,,,,,
742,1.04,1.04,,,,,,,,,,,,,,,,,,,,,,,,,,,,,,,,
743,1.11,1.11,,,,,,,,,,,,,,,,,,,,,,,,,,,,,,,,
744,1.1,1.1,,,,,,,,,,,,,,,,,,,,,,,,,,,,,,,,
745,1.02,1.02,,,,,,,,,,,,,,,,,,,,,,,,,,,,,,,,
746,1,1,,,,,,,,,,,,,,,,,,,,,,,,,,,,,,,,
747,0.97,0.97,,,,,,,,,,,,,,,,,,,,,,,,,,,,,,,,
748,1.12,1.12,,,,,,,,,,,,,,,,,,,,,,,,,,,,,,,,
749,0.96,0.96,,,,,,,,,,,,,,,,,,,,,,,,,,,,,,,,
750,0.88,0.88,,,,,,,,,,,,,,,,,,,,,,,,,,,,,,,,
751,0.92,0.92,,,,,,,,,,,,,,,,,,,,,,,,,,,,,,,,
752,0.95,0.95,,,,,,,,,,,,,,,,,,,,,,,,,,,,,,,,
753,0.98,0.98,,,,,,,,,,,,,,,,,,,,,,,,,,,,,,,,
754,1.14,1.14,,,,,,,,,,,,,,,,,,,,,,,,,,,,,,,,
755,1.11,1.11,,,,,,,,,,,,,,,,,,,,,,,,,,,,,,,,
756,1.13,1.13,,,,,,,,,,,,,,,,,,,,,,,,,,,,,,,,
757,1.05,1.05,,,,,,,,,,,,,,,,,,,,,,,,,,,,,,,,
758,1,1,,,,,,,,,,,,,,,,,,,,,,,,,,,,,,,,
759,1,1,,,,,,,,,,,,,,,,,,,,,,,,,,,,,,,,
760,0.85,0.85,,,,,,,,,,,,,,,,,,,,,,,,,,,,,,,,
761,0.93,0.93,,,,,,,,,,,,,,,,,,,,,,,,,,,,,,,,
762,0.97,0.97,,,,,,,,,,,,,,,,,,,,,,,,,,,,,,,,
763,0.94,0.94,,,,,,,,,,,,,,,,,,,,,,,,,,,,,,,,
764,0.92,0.92,,,,,,,,,,,,,,,,,,,,,,,,,,,,,,,,
765,0.89,0.89,,,,,,,,,,,,,,,,,,,,,,,,,,,,,,,,
766,1.21,1.21,,,,,,,,,,,,,,,,,,,,,,,,,,,,,,,,
767,1.19,1.19,,,,,,,,,,,,,,,,,,,,,,,,,,,,,,,,
768,0.93,0.93,,,,,,,,,,,,,,,,,,,,,,,,,,,,,,,,
769,0.95,0.95,,,,,,,,,,,,,,,,,,,,,,,,,,,,,,,,
770,0.95,0.95,,,,,,,,,,,,,,,,,,,,,,,,,,,,,,,,
771,1.07,1.07,,,,,,,,,,,,,,,,,,,,,,,,,,,,,,,,
772,0.99,0.99,,,,,,,,,,,,,,,,,,,,,,,,,,,,,,,,
773,1.07,1.07,,,,,,,,,,,,,,,,,,,,,,,,,,,,,,,,
774,1.05,1.05,,,,,,,,,,,,,,,,,,,,,,,,,,,,,,,,
775,1.07,1.07,,,,,,,,,,,,,,,,,,,,,,,,,,,,,,,,
776,1.07,1.07,,,,,,,,,,,,,,,,,,,,,,,,,,,,,,,,
777,1.03,1.03,,,,,,,,,,,,,,,,,,,,,,,,,,,,,,,,
778,1.03,1.03,,,,,,,,,,,,,,,,,,,,,,,,,,,,,,,,
779,1.04,1.04,,,,,,,,,,,,,,,,,,,,,,,,,,,,,,,,
780,1.05,1.05,,,,,,,,,,,,,,,,,,,,,,,,,,,,,,,,
781,1.05,1.05,,,,,,,,,,,,,,,,,,,,,,,,,,,,,,,,
782,1.06,1.06,,,,,,,,,,,,,,,,,,,,,,,,,,,,,,,,
783,1.02,1.02,,,,,,,,,,,,,,,,,,,,,,,,,,,,,,,,
784,0.98,0.98,,,,,,,,,,,,,,,,,,,,,,,,,,,,,,,,
785,0.95,0.95,,,,,,,,,,,,,,,,,,,,,,,,,,,,,,,,
786,0.96,0.96,,,,,,,,,,,,,,,,,,,,,,,,,,,,,,,,
787,1,1,,,,,,,,,,,,,,,,,,,,,,,,,,,,,,,,
788,0.93,0.93,,,,,,,,,,,,,,,,,,,,,,,,,,,,,,,,
789,0.96,0.96,,,,,,,,,,,,,,,,,,,,,,,,,,,,,,,,
790,0.94,0.94,,,,,,,,,,,,,,,,,,,,,,,,,,,,,,,,
791,0.93,0.93,,,,,,,,,,,,,,,,,,,,,,,,,,,,,,,,
792,0.92,0.92,,,,,,,,,,,,,,,,,,,,,,,,,,,,,,,,
793,0.99,0.99,,,,,,,,,,,,,,,,,,,,,,,,,,,,,,,,
794,0.97,0.97,,,,,,,,,,,,,,,,,,,,,,,,,,,,,,,,
795,1,1,,,,,,,,,,,,,,,,,,,,,,,,,,,,,,,,
796,0.89,0.89,,,,,,,,,,,,,,,,,,,,,,,,,,,,,,,,
797,0.97,0.97,,,,,,,,,,,,,,,,,,,,,,,,,,,,,,,,
798,1.05,1.05,,,,,,,,,,,,,,,,,,,,,,,,,,,,,,,,
799,1.04,1.04,,,,,,,,,,,,,,,,,,,,,,,,,,,,,,,,
800,1.1,1.1,,,,,,,,,,,,,,,,,,,,,,,,,,,,,,,,
801,1.14,1.14,,,,,,,,,,,,,,,,,,,,,,,,,,,,,,,,
802,1.13,1.13,,,,,,,,,,,,,,,,,,,,,,,,,,,,,,,,
803,1.12,1.12,,,,,,,,,,,,,,,,,,,,,,,,,,,,,,,,
804,0.92,0.92,,,,,,,,,,,,,,,,,,,,,,,,,,,,,,,,
805,1,1,,,,,,,,,,,,,,,,,,,,,,,,,,,,,,,,
806,1.07,1.07,,,,,,,,,,,,,,,,,,,,,,,,,,,,,,,,
807,1.03,1.03,,,,,,,,,,,,,,,,,,,,,,,,,,,,,,,,
808,1.06,1.06,,,,,,,,,,,,,,,,,,,,,,,,,,,,,,,,
809,0.95,0.95,,,,,,,,,,,,,,,,,,,,,,,,,,,,,,,,
810,0.99,0.99,,,,,,,,,,,,,,,,,,,,,,,,,,,,,,,,
811,0.96,0.96,,,,,,,,,,,,,,,,,,,,,,,,,,,,,,,,
812,0.96,0.96,,,,,,,,,,,,,,,,,,,,,,,,,,,,,,,,
813,1.06,1.06,,,,,,,,,,,,,,,,,,,,,,,,,,,,,,,,
814,1.06,1.06,,,,,,,,,,,,,,,,,,,,,,,,,,,,,,,,
815,1.03,1.03,,,,,,,,,,,,,,,,,,,,,,,,,,,,,,,,
816,1.41,1.41,,,,,,,,,,,,,,,,,,,,,,,,,,,,,,,,
817,1.6,1.6,,,,,,,,,,,,,,,,,,,,,,,,,,,,,,,,
818,1.1,1.1,,,,,,,,,,,,,,,,,,,,,,,,,,,,,,,,
819,1.15,1.15,,,,,,,,,,,,,,,,,,,,,,,,,,,,,,,,
820,1.06,1.06,,,,,,,,,,,,,,,,,,,,,,,,,,,,,,,,
821,1,1,,,,,,,,,,,,,,,,,,,,,,,,,,,,,,,,
822,0.94,0.94,,,,,,,,,,,,,,,,,,,,,,,,,,,,,,,,
823,1.63,1.63,,,,,,,,,,,,,,,,,,,,,,,,,,,,,,,,
824,0.89,0.89,,,,,,,,,,,,,,,,,,,,,,,,,,,,,,,,
825,1.02,1.02,,,,,,,,,,,,,,,,,,,,,,,,,,,,,,,,
826,1.02,1.02,,,,,,,,,,,,,,,,,,,,,,,,,,,,,,,,
827,1,1,,,,,,,,,,,,,,,,,,,,,,,,,,,,,,,,
828,1.01,1.01,,,,,,,,,,,,,,,,,,,,,,,,,,,,,,,,
829,1.01,1.01,,,,,,,,,,,,,,,,,,,,,,,,,,,,,,,,
830,1,1,,,,,,,,,,,,,,,,,,,,,,,,,,,,,,,,
831,1.01,1.01,,,,,,,,,,,,,,,,,,,,,,,,,,,,,,,,
832,1,1,,,,,,,,,,,,,,,,,,,,,,,,,,,,,,,,
833,1,1,,,,,,,,,,,,,,,,,,,,,,,,,,,,,,,,
834,1.01,1.01,,,,,,,,,,,,,,,,,,,,,,,,,,,,,,,,
835,1.01,1.01,,,,,,,,,,,,,,,,,,,,,,,,,,,,,,,,
836,1,1,,,,,,,,,,,,,,,,,,,,,,,,,,,,,,,,
837,0.99,0.99,,,,,,,,,,,,,,,,,,,,,,,,,,,,,,,,
838,1,1,,,,,,,,,,,,,,,,,,,,,,,,,,,,,,,,
839,1,1,,,,,,,,,,,,,,,,,,,,,,,,,,,,,,,,
840,1,1,,,,,,,,,,,,,,,,,,,,,,,,,,,,,,,,
841,1,1,,,,,,,,,,,,,,,,,,,,,,,,,,,,,,,,
842,1,1,,,,,,,,,,,,,,,,,,,,,,,,,,,,,,,,
843,1,1,,,,,,,,,,,,,,,,,,,,,,,,,,,,,,,,
844,1,1,,,,,,,,,,,,,,,,,,,,,,,,,,,,,,,,
845,1,1,,,,,,,,,,,,,,,,,,,,,,,,,,,,,,,,
846,1.01,1.01,,,,,,,,,,,,,,,,,,,,,,,,,,,,,,,,
847,1,1,,,,,,,,,,,,,,,,,,,,,,,,,,,,,,,,
848,1.02,1.02,,,,,,,,,,,,,,,,,,,,,,,,,,,,,,,,
849,1,1,,,,,,,,,,,,,,,,,,,,,,,,,,,,,,,,
850,1.03,1.03,,,,,,,,,,,,,,,,,,,,,,,,,,,,,,,,
851,1,1,,,,,,,,,,,,,,,,,,,,,,,,,,,,,,,,
852,1,1,,,,,,,,,,,,,,,,,,,,,,,,,,,,,,,,
853,1,1,,,,,,,,,,,,,,,,,,,,,,,,,,,,,,,,
854,1,1,,,,,,,,,,,,,,,,,,,,,,,,,,,,,,,,
855,1.01,1.01,,,,,,,,,,,,,,,,,,,,,,,,,,,,,,,,
856,1.01,1.01,,,,,,,,,,,,,,,,,,,,,,,,,,,,,,,,
857,1.01,1.01,,,,,,,,,,,,,,,,,,,,,,,,,,,,,,,,
858,1.01,1.01,,,,,,,,,,,,,,,,,,,,,,,,,,,,,,,,
859,1,1,,,,,,,,,,,,,,,,,,,,,,,,,,,,,,,,
